,reliable_sensor1,reliable_sensor2,reliable_sensor3,reliable_sensor4,unreliable_sensor1,unreliable_sensor2,unreliable_sensor3,unreliable_sensor4,door_sensor1,door_sensor2,door_sensor3,door_sensor4
0,0.9634247714048213,0.7062146892655368,0.9025356576862124,0.96913985554826,0.8131313131313131,0.7169373549883991,0.7863013698630137,0.3543307086614173,"[0.39090909090909093, 0.9554779572239197]","[0.940677966101695, 0.15612009237875288]","[0.5149253731343284, 0.9100132333480371]","[0.9777777777777777, 0.12115967113803548]"
1,0.9908180300500835,0.9983957219251337,0.9859525899912204,0.9908883826879271,0.9812807881773399,0.9648014440433214,0.9831546707503829,0.9963021658742737,"[0.6090909090909091, 0.7520733304233959]","[0.7033898305084746, 0.5635103926096998]","[0.6492537313432836, 0.752977503308337]","[0.5666666666666667, 0.845954132410212]"
2,0.9770928779675135,0.9337775926697209,0.9421074552269888,0.9770928779675135,0.8842149104539775,0.8313202832153269,0.893377759266972,0.8604748021657642,0.9816743023740109,0.6343190337359433,0.9754269054560599,0.85381091211995
3,0.02290712203248646,0.06622240733027907,0.0578925447730112,0.02290712203248646,0.11578508954602251,0.16867971678467308,0.10662224073302795,0.13952519783423578,0.018325697625989124,0.36568096626405666,0.024573094543940077,0.14618908788005003
